-- FLIGHTS TABLE
DROP TABLE IF EXISTS flights;
CREATE TABLE flights (
    id INTEGER PRIMARY KEY,
    departureLocation VARCHAR(3) NOT NULL,
    arrivalLocation VARCHAR(3) NOT NULL,
    departureTime VARCHAR(5),
    arrivalTime VARCHAR(5),
    flightDate DATE,
    price INTEGER,
    airline VARCHAR(265),
    mealService BOOLEAN
);

-- SEATS TABLE
DROP TABLE IF EXISTS seats;
CREATE TABLE seats (
    flight_id INTEGER NOT NULL,
    seatID INTEGER NOT NULL,
    isAvailable BOOLEAN,
    isFirstClass BOOLEAN,
    isEmergency BOOLEAN
);

-- BOOKINGS TABLE
DROP TABLE IF EXISTS bookings;
CREATE TABLE bookings (
    passenger_name VARCHAR(265),
    user_email VARCHAR(265),
    flight_id INTEGER,
    seat_id INTEGER
);

-- USERS TABLE
DROP TABLE IF EXISTS users;
CREATE TABLE users (
    name VARCHAR(265),
    email VARCHAR(265) UNIQUE NOT NULL,
    password VARCHAR(265) NOT NULL
);

-- Insert users
INSERT INTO users VALUES ("Admin", "admin@example.com", "123");

-- Insert bookings
INSERT INTO bookings VALUES ("Admin" ,"admin@example.com", 1, 3);
INSERT INTO bookings VALUES ("Matthias Book","admin@example.com", 1, 4);

-- Insert flights
INSERT INTO flights VALUES (1, 'REY', 'AEY', '11:00', '13:00', date('2021-01-01'), 15000, 'Iceland Air', TRUE);
INSERT INTO flights VALUES (2, 'REY', 'EGS', '11:00', '14:00', date('2021-01-01'), 22500, 'Flugfélag Íslands', TRUE);
INSERT INTO flights VALUES (3, 'REY', 'IFJ', '12:00', '14:00', date('2021-01-01'), 13500, 'Flugfélag Íslands', TRUE);
INSERT INTO flights VALUES (4, 'REY', 'VEY', '10:00', '11:00', date('2021-01-01'), 7500, 'Flugfélag Íslands', FALSE);
INSERT INTO flights VALUES (5, 'REY', 'KEF', '10:00', '10:30', date('2021-01-01'), 7500, 'Flugfélag Íslands', FALSE);
INSERT INTO flights VALUES (6, 'KEF', 'REY', '11:00', '11:30', date('2021-01-01'), 7500, 'Iceland Air', FALSE);
INSERT INTO flights VALUES (7, 'VEY', 'REY', '12:00', '13:00', date('2021-01-01'), 7500, 'Flugfélag Íslands', FALSE);
INSERT INTO flights VALUES (8, 'IFJ', 'REY', '15:00', '17:00', date('2021-01-01'), 13500, 'Flugfélag Íslands', TRUE);
INSERT INTO flights VALUES (9, 'EGS', 'REY', '14:30', '17:30', date('2021-01-01'), 22500, 'Flugfélag Íslands', TRUE);
INSERT INTO flights VALUES (10, 'AEY', 'REY', '14:00', '16:00', date('2021-01-01'), 15000, 'Flugfélag Íslands', TRUE);
INSERT INTO flights VALUES (11, 'AEY', 'EGS', '07:00', '08:30', date('2021-01-01'), 10000, 'Ernir', FALSE);
INSERT INTO flights VALUES (12, 'EGS', 'AEY', '12:30', '14:00', date('2021-01-01'), 12500, 'Ernir', FALSE);
INSERT INTO flights VALUES (13, 'AEY', 'IFJ', '07:30', '09:00', date('2021-01-01'), 10000, 'NorðurFlug', FALSE);
INSERT INTO flights VALUES (14, 'IFJ', 'AEY', '13:00', '14:30', date('2021-01-01'), 12500, 'NorðurFlug', FALSE);

-- Insert seats
-- Flight 1
INSERT INTO seats VALUES (1, 1, TRUE, TRUE, FALSE);
INSERT INTO seats VALUES (1, 2, TRUE, TRUE, FALSE);
INSERT INTO seats VALUES (1, 3, TRUE, TRUE, FALSE);
INSERT INTO seats VALUES (1, 4, TRUE, TRUE, FALSE);
INSERT INTO seats VALUES (1, 5, TRUE, FALSE, FALSE);
INSERT INTO seats VALUES (1, 6, TRUE, FALSE, FALSE);
INSERT INTO seats VALUES (1, 7, TRUE, FALSE, FALSE);
INSERT INTO seats VALUES (1, 8, TRUE, FALSE, FALSE);
INSERT INTO seats VALUES (1, 9, TRUE, FALSE, TRUE);
INSERT INTO seats VALUES (1, 10, TRUE, FALSE, FALSE);
INSERT INTO seats VALUES (1, 11, TRUE, FALSE, FALSE);
INSERT INTO seats VALUES (1, 12, TRUE, FALSE, TRUE);
--Flight 2
INSERT INTO seats VALUES (2, 1, TRUE, TRUE, FALSE);
INSERT INTO seats VALUES (2, 2, TRUE, TRUE, FALSE);
INSERT INTO seats VALUES (2, 3, TRUE, TRUE, FALSE);
INSERT INTO seats VALUES (2, 4, TRUE, TRUE, FALSE);
INSERT INTO seats VALUES (2, 5, TRUE, FALSE, FALSE);
INSERT INTO seats VALUES (2, 6, TRUE, FALSE, FALSE);
INSERT INTO seats VALUES (2, 7, TRUE, FALSE, FALSE);
INSERT INTO seats VALUES (2, 8, TRUE, FALSE, FALSE);
INSERT INTO seats VALUES (2, 9, TRUE, FALSE, TRUE);
INSERT INTO seats VALUES (2, 10, TRUE, FALSE, FALSE);
INSERT INTO seats VALUES (2, 11, TRUE, FALSE, FALSE);
INSERT INTO seats VALUES (2, 12, TRUE, FALSE, TRUE);
--Flight 3
INSERT INTO seats VALUES (3, 1, TRUE, TRUE, FALSE);
INSERT INTO seats VALUES (3, 2, TRUE, TRUE, FALSE);
INSERT INTO seats VALUES (3, 3, TRUE, TRUE, FALSE);
INSERT INTO seats VALUES (3, 4, TRUE, TRUE, FALSE);
INSERT INTO seats VALUES (3, 5, TRUE, FALSE, FALSE);
INSERT INTO seats VALUES (3, 6, TRUE, FALSE, FALSE);
INSERT INTO seats VALUES (3, 7, TRUE, FALSE, FALSE);
INSERT INTO seats VALUES (3, 8, TRUE, FALSE, FALSE);
INSERT INTO seats VALUES (3, 9, TRUE, FALSE, TRUE);
INSERT INTO seats VALUES (3, 10, TRUE, FALSE, FALSE);
INSERT INTO seats VALUES (3, 11, TRUE, FALSE, FALSE);
INSERT INTO seats VALUES (3, 12, TRUE, FALSE, TRUE);
--Flight 4
INSERT INTO seats VALUES (4, 1, TRUE, TRUE, FALSE);
INSERT INTO seats VALUES (4, 2, TRUE, TRUE, FALSE);
INSERT INTO seats VALUES (4, 3, TRUE, TRUE, FALSE);
INSERT INTO seats VALUES (4, 4, TRUE, TRUE, FALSE);
INSERT INTO seats VALUES (4, 5, TRUE, FALSE, FALSE);
INSERT INTO seats VALUES (4, 6, TRUE, FALSE, FALSE);
INSERT INTO seats VALUES (4, 7, TRUE, FALSE, FALSE);
INSERT INTO seats VALUES (4, 8, TRUE, FALSE, FALSE);
INSERT INTO seats VALUES (4, 9, TRUE, FALSE, TRUE);
INSERT INTO seats VALUES (4, 10, TRUE, FALSE, FALSE);
INSERT INTO seats VALUES (4, 11, TRUE, FALSE, FALSE);
INSERT INTO seats VALUES (4, 12, TRUE, FALSE, TRUE);
--Flight 5
INSERT INTO seats VALUES (5, 1, TRUE, TRUE, FALSE);
INSERT INTO seats VALUES (5, 2, TRUE, TRUE, FALSE);
INSERT INTO seats VALUES (5, 3, TRUE, TRUE, FALSE);
INSERT INTO seats VALUES (5, 4, TRUE, TRUE, FALSE);
INSERT INTO seats VALUES (5, 5, TRUE, FALSE, FALSE);
INSERT INTO seats VALUES (5, 6, TRUE, FALSE, FALSE);
INSERT INTO seats VALUES (5, 7, TRUE, FALSE, FALSE);
INSERT INTO seats VALUES (5, 8, TRUE, FALSE, FALSE);
INSERT INTO seats VALUES (5, 9, TRUE, FALSE, TRUE);
INSERT INTO seats VALUES (5, 10, TRUE, FALSE, FALSE);
INSERT INTO seats VALUES (5, 11, TRUE, FALSE, FALSE);
INSERT INTO seats VALUES (5, 12, TRUE, FALSE, TRUE);
--Flight 6
INSERT INTO seats VALUES (6, 1, TRUE, TRUE, FALSE);
INSERT INTO seats VALUES (6, 2, TRUE, TRUE, FALSE);
INSERT INTO seats VALUES (6, 3, TRUE, TRUE, FALSE);
INSERT INTO seats VALUES (6, 4, TRUE, TRUE, FALSE);
INSERT INTO seats VALUES (6, 5, TRUE, FALSE, FALSE);
INSERT INTO seats VALUES (6, 6, TRUE, FALSE, FALSE);
INSERT INTO seats VALUES (6, 7, TRUE, FALSE, FALSE);
INSERT INTO seats VALUES (6, 8, TRUE, FALSE, FALSE);
INSERT INTO seats VALUES (6, 9, TRUE, FALSE, TRUE);
INSERT INTO seats VALUES (6, 10, TRUE, FALSE, FALSE);
INSERT INTO seats VALUES (6, 11, TRUE, FALSE, FALSE);
INSERT INTO seats VALUES (6, 12, TRUE, FALSE, TRUE);
--Flight 7
INSERT INTO seats VALUES (7, 1, TRUE, TRUE, FALSE);
INSERT INTO seats VALUES (7, 2, TRUE, TRUE, FALSE);
INSERT INTO seats VALUES (7, 3, TRUE, TRUE, FALSE);
INSERT INTO seats VALUES (7, 4, TRUE, TRUE, FALSE);
INSERT INTO seats VALUES (7, 5, TRUE, FALSE, FALSE);
INSERT INTO seats VALUES (7, 6, TRUE, FALSE, FALSE);
INSERT INTO seats VALUES (7, 7, TRUE, FALSE, FALSE);
INSERT INTO seats VALUES (7, 8, TRUE, FALSE, FALSE);
INSERT INTO seats VALUES (7, 9, TRUE, FALSE, TRUE);
INSERT INTO seats VALUES (7, 10, TRUE, FALSE, FALSE);
INSERT INTO seats VALUES (7, 11, TRUE, FALSE, FALSE);
INSERT INTO seats VALUES (7, 12, TRUE, FALSE, TRUE);
--Flight 8
INSERT INTO seats VALUES (8, 1, TRUE, TRUE, FALSE);
INSERT INTO seats VALUES (8, 2, TRUE, TRUE, FALSE);
INSERT INTO seats VALUES (8, 3, TRUE, TRUE, FALSE);
INSERT INTO seats VALUES (8, 4, TRUE, TRUE, FALSE);
INSERT INTO seats VALUES (8, 5, TRUE, FALSE, FALSE);
INSERT INTO seats VALUES (8, 6, TRUE, FALSE, FALSE);
INSERT INTO seats VALUES (8, 7, TRUE, FALSE, FALSE);
INSERT INTO seats VALUES (8, 8, TRUE, FALSE, FALSE);
INSERT INTO seats VALUES (8, 9, TRUE, FALSE, TRUE);
INSERT INTO seats VALUES (8, 10, TRUE, FALSE, FALSE);
INSERT INTO seats VALUES (8, 11, TRUE, FALSE, FALSE);
INSERT INTO seats VALUES (8, 12, TRUE, FALSE, TRUE);
--Flight 9
INSERT INTO seats VALUES (9, 1, TRUE, TRUE, FALSE);
INSERT INTO seats VALUES (9, 2, TRUE, TRUE, FALSE);
INSERT INTO seats VALUES (9, 3, TRUE, TRUE, FALSE);
INSERT INTO seats VALUES (9, 4, TRUE, TRUE, FALSE);
INSERT INTO seats VALUES (9, 5, TRUE, FALSE, FALSE);
INSERT INTO seats VALUES (9, 6, TRUE, FALSE, FALSE);
INSERT INTO seats VALUES (9, 7, TRUE, FALSE, FALSE);
INSERT INTO seats VALUES (9, 8, TRUE, FALSE, FALSE);
INSERT INTO seats VALUES (9, 9, TRUE, FALSE, TRUE);
INSERT INTO seats VALUES (9, 10, TRUE, FALSE, FALSE);
INSERT INTO seats VALUES (9, 11, TRUE, FALSE, FALSE);
INSERT INTO seats VALUES (9, 12, TRUE, FALSE, TRUE);
--Flight 10
INSERT INTO seats VALUES (10, 1, TRUE, TRUE, FALSE);
INSERT INTO seats VALUES (10, 2, TRUE, TRUE, FALSE);
INSERT INTO seats VALUES (10, 3, TRUE, TRUE, FALSE);
INSERT INTO seats VALUES (10, 4, TRUE, TRUE, FALSE);
INSERT INTO seats VALUES (10, 5, TRUE, FALSE, FALSE);
INSERT INTO seats VALUES (10, 6, TRUE, FALSE, FALSE);
INSERT INTO seats VALUES (10, 7, TRUE, FALSE, FALSE);
INSERT INTO seats VALUES (10, 8, TRUE, FALSE, FALSE);
INSERT INTO seats VALUES (10, 9, TRUE, FALSE, TRUE);
INSERT INTO seats VALUES (10, 10, TRUE, FALSE, FALSE);
INSERT INTO seats VALUES (10, 11, TRUE, FALSE, FALSE);
INSERT INTO seats VALUES (10, 12, TRUE, FALSE, TRUE);
--Flight 11
INSERT INTO seats VALUES (11, 1, TRUE, FALSE, FALSE);
INSERT INTO seats VALUES (11, 2, TRUE, FALSE, FALSE);
INSERT INTO seats VALUES (11, 3, TRUE, FALSE, FALSE);
INSERT INTO seats VALUES (11, 4, TRUE, FALSE, FALSE);
INSERT INTO seats VALUES (11, 5, TRUE, FALSE, FALSE);
INSERT INTO seats VALUES (11, 6, TRUE, FALSE, FALSE);
INSERT INTO seats VALUES (11, 7, TRUE, FALSE, FALSE);
INSERT INTO seats VALUES (11, 8, TRUE, FALSE, FALSE);
INSERT INTO seats VALUES (11, 9, TRUE, FALSE, TRUE);
INSERT INTO seats VALUES (11, 10, TRUE, FALSE, FALSE);
INSERT INTO seats VALUES (11, 11, TRUE, FALSE, FALSE);
INSERT INTO seats VALUES (11, 12, TRUE, FALSE, TRUE);
--Flight 12
INSERT INTO seats VALUES (12, 1, TRUE, FALSE, FALSE);
INSERT INTO seats VALUES (12, 2, TRUE, FALSE, FALSE);
INSERT INTO seats VALUES (12, 3, TRUE, FALSE, FALSE);
INSERT INTO seats VALUES (12, 4, TRUE, FALSE, FALSE);
INSERT INTO seats VALUES (12, 5, TRUE, FALSE, FALSE);
INSERT INTO seats VALUES (12, 6, TRUE, FALSE, FALSE);
INSERT INTO seats VALUES (12, 7, TRUE, FALSE, FALSE);
INSERT INTO seats VALUES (12, 8, TRUE, FALSE, FALSE);
INSERT INTO seats VALUES (12, 9, TRUE, FALSE, TRUE);
INSERT INTO seats VALUES (12, 10, TRUE, FALSE, FALSE);
INSERT INTO seats VALUES (12, 11, TRUE, FALSE, FALSE);
INSERT INTO seats VALUES (12, 12, TRUE, FALSE, TRUE);
--Flight 13
INSERT INTO seats VALUES (13, 1, TRUE, FALSE, FALSE);
INSERT INTO seats VALUES (13, 2, TRUE, FALSE, FALSE);
INSERT INTO seats VALUES (13, 3, TRUE, FALSE, FALSE);
INSERT INTO seats VALUES (13, 4, TRUE, FALSE, FALSE);
INSERT INTO seats VALUES (13, 5, TRUE, FALSE, FALSE);
INSERT INTO seats VALUES (13, 6, TRUE, FALSE, FALSE);
INSERT INTO seats VALUES (13, 7, TRUE, FALSE, FALSE);
INSERT INTO seats VALUES (13, 8, TRUE, FALSE, FALSE);
INSERT INTO seats VALUES (13, 9, TRUE, FALSE, TRUE);
INSERT INTO seats VALUES (13, 10, TRUE, FALSE, FALSE);
INSERT INTO seats VALUES (13, 11, TRUE, FALSE, FALSE);
INSERT INTO seats VALUES (13, 12, TRUE, FALSE, TRUE);
--Flight 14
INSERT INTO seats VALUES (14, 1, TRUE, FALSE, FALSE);
INSERT INTO seats VALUES (14, 2, TRUE, FALSE, FALSE);
INSERT INTO seats VALUES (14, 3, TRUE, FALSE, FALSE);
INSERT INTO seats VALUES (14, 4, TRUE, FALSE, FALSE);
INSERT INTO seats VALUES (14, 5, TRUE, FALSE, FALSE);
INSERT INTO seats VALUES (14, 6, TRUE, FALSE, FALSE);
INSERT INTO seats VALUES (14, 7, TRUE, FALSE, FALSE);
INSERT INTO seats VALUES (14, 8, TRUE, FALSE, FALSE);
INSERT INTO seats VALUES (14, 9, TRUE, FALSE, TRUE);
INSERT INTO seats VALUES (14, 10, TRUE, FALSE, FALSE);
INSERT INTO seats VALUES (14, 11, TRUE, FALSE, FALSE);
INSERT INTO seats VALUES (14, 12, TRUE, FALSE, TRUE);